{"cameraMode":{"drawMode":0,"name":"Shaded","section":"Shading Mode"},"sceneLighting":false,"audioPlay":false,"sceneViewState":{"showFog":false,"showMaterialUpdate":false,"showSkybox":false,"showFlares":false,"showImageEffects":false,"showParticleSystems":false},"in2DMode":false,"pivot":{"x":979.896484375,"y":1731.9197998046875,"z":-618.3115234375},"rotation":{"x":-0.040407177060842517,"y":0.5037729144096375,"z":-0.023596899583935739,"w":-0.8625725507736206},"size":16981.775390625,"orthographic":false}